{"cameraMode":{"drawMode":0,"name":"Shaded","section":"Shading Mode"},"sceneLighting":false,"audioPlay":false,"sceneViewState":{"m_AlwaysRefresh":false,"showFog":true,"showSkybox":false,"showFlares":true,"showImageEffects":true,"showParticleSystems":true,"showVisualEffectGraphs":true,"m_FxEnabled":false},"in2DMode":false,"pivot":{"x":388.90301513671877,"y":0.5410000085830689,"z":490.74700927734377},"rotation":{"x":-0.13145911693572999,"y":0.37467214465141299,"z":-0.053852785378694537,"w":-0.9165627360343933},"size":0.7205684781074524,"orthographic":false}