{"cameraMode":{"drawMode":0,"name":"Shaded","section":"Shading Mode"},"sceneLighting":false,"audioPlay":false,"sceneViewState":{"m_AlwaysRefresh":false,"showFog":true,"showSkybox":true,"showFlares":true,"showImageEffects":true,"showParticleSystems":true,"showVisualEffectGraphs":true,"m_FxEnabled":false},"in2DMode":false,"pivot":{"x":507.8387145996094,"y":1.1094176769256592,"z":538.5648193359375},"rotation":{"x":-0.07488832622766495,"y":0.03409052640199661,"z":-0.0025527733378112318,"w":-0.9966297149658203},"size":8.910547256469727,"orthographic":false}