{"cameraMode":{"drawMode":0,"name":"Shaded","section":"Shading Mode"},"sceneLighting":false,"audioPlay":false,"sceneViewState":{"m_AlwaysRefresh":false,"showFog":true,"showSkybox":false,"showFlares":true,"showImageEffects":true,"showParticleSystems":true,"showVisualEffectGraphs":true,"m_FxEnabled":false},"in2DMode":false,"pivot":{"x":-0.014052331447601319,"y":-17.833356857299806,"z":1.60898756980896},"rotation":{"x":-0.016842693090438844,"y":-0.5258211493492127,"z":-0.01041288673877716,"w":0.8503922820091248},"size":1.521770715713501,"orthographic":false}