{"cameraMode":{"drawMode":0,"name":"Shaded","section":"Shading Mode"},"sceneLighting":false,"audioPlay":false,"sceneViewState":{"m_AlwaysRefresh":false,"showFog":true,"showSkybox":false,"showFlares":true,"showImageEffects":true,"showParticleSystems":true,"showVisualEffectGraphs":true,"m_FxEnabled":false},"in2DMode":false,"pivot":{"x":400.3367004394531,"y":1.9026110172271729,"z":499.98114013671877},"rotation":{"x":-0.13145911693572999,"y":0.37467214465141299,"z":-0.053852785378694537,"w":-0.9165627360343933},"size":0.38248759508132937,"orthographic":false}